"year","month_number","total_revenue"
"2022","8",65954.69999999987
"2022","10",64817.629999999874
"2022","7",64441.32999999993
"2022","12",63426.17999999988
"2022","9",63353.1499999999
"2022","1",59025.70999999995
"2022","6",58846.59999999988
"2022","5",58005.01999999992
"2022","11",55882.969999999914
"2022","3",55433.96999999996
"2022","4",51246.50999999993
"2022","2",48141.269999999924
