"store_type","total_revenue"
"Local",156173.85999999993
"Super Store",43457.969999999965
"Mall Kiosk",22283.059999999998
"Outlet",16318.649999999998
