"store_type","total_sales","percentage_total_sales","order_count"
"Local",4187411.129999581,64.93999036036129,"77625"
"Mall Kiosk",703663.8600000136,10.912691127450882,"13027"
"Outlet",507338.1700000006,7.867996441335025,"9139"
"Super Store",1042536.6000000071,16.168060563551848,"19095"
"Web Portal",1067.77,0.016559389884195565,"43"
